{"cameraMode":{"drawMode":0,"name":"Shaded","section":"Shading Mode"},"sceneLighting":true,"audioPlay":false,"sceneViewState":{"showFog":true,"showMaterialUpdate":false,"showSkybox":true,"showFlares":true,"showImageEffects":true,"showParticleSystems":true},"in2DMode":false,"pivot":{"x":-15.491555213928223,"y":7.840394020080566,"z":147.6154022216797},"rotation":{"x":-0.014426032081246376,"y":-0.04762347415089607,"z":-0.0065697189420461658,"w":1.0000882148742676},"size":157.35012817382813,"orthographic":false}